<?xml version="1.0" encoding="UTF-8"?>
<beans xmlns="http://www.springframework.org/schema/beans"
    xmlns:xsi="http://www.w3.org/2001/XMLSchema-instance"
    xsi:schemaLocation="http://www.springframework.org/schema/beans
        http://www.springframework.org/schema/beans/spring-beans.xsd">

    <bean id="emp" class="com.payroll.model.Employee">   
	<property name="empId" value="1234"></property>
   <property name="empName" value="raju"></property>
   <property name="empSalary" value="1234.56"></property>
    </bean>

    <bean id="emp2" class="com.payroll.model.Employee">
    <constructor-arg value="1234" ></constructor-arg>
    <constructor-arg value="Abcd"></constructor-arg>
    <constructor-arg value="1235.23" ></constructor-arg>
    </bean>
    <bean id="dao" class="com.payroll.dao.EmployeeDAO">
		</bean>
	<bean id="emp1" class="com.payroll.model.Employee" abstract="false" scope="prototype">
		<property name="empId" value="1234"></property>
   <property name="empName" value="raju"></property>
   <property name="empSalary" value="1234.56"></property>
   <property name="address" ref="add"></property>
   <property name="department" ref="dept"></property>
	</bean>
	
	
	<bean id="add" class="com.payroll.model.Address">

		<property name="street" value="thraipakkam"></property>
		<property name="city" value="thoripuru"></property>
		<property name="state" value="TN"></property>
		<property name="country" value="IN"></property>

	</bean>

	<bean id="dept" class="com.payroll.model.Department">

		<property name="departmentName" value="HR"></property>
		<property name="departmentLocation" value="HYD"></property>
	</bean>
    <!-- more bean definitions go here -->

</beans>